{
    "docType": "FindRoute",
    "copyright": "Copyright INRIX Inc.",
    "versionNumber": "23.0",
    "createdDate": "2023-11-12T08:47:15Z",
    "statusId": 0,
    "statusText": "OK",
    "responseId": "06cc0a68-e395-4fda-a6e0-d8ef13bc5675",
    "result": {
        "trip": {
            "tripId": "37863801",
            "routes": [
                {
                    "uncongestedTravelTimeMinutes": 3,
                    "routeQuality": 3,
                    "id": "37863801",
                    "hasClosures": false,
                    "travelTimeMinutes": 4,
                    "abnormalityMinutes": 0,
                    "averageSpeed": 11,
                    "statusId": 0,
                    "totalDistance": "0.5",
                    "routeTransportStatus": 0,
                    "points": {
                        "type": "LineString",
                        "coordinates": [
                            [
                                -122.44254506472082,
                                37.77055890498698
                            ],
                            [
                                -122.44294881820679,
                                37.77050256729126
                            ],
                            [
                                -122.44303464889526,
                                37.77048110961914
                            ],
                            [
                                -122.44335651397705,
                                37.77045965194702
                            ],
                            [
                                -122.44367837905884,
                                37.77041673660278
                            ],
                            [
                                -122.44346380233765,
                                37.76947259902954
                            ],
                            [
                                -122.44344234466553,
                                37.769408226013184
                            ],
                            [
                                -122.44333505630493,
                                37.76893615722656
                            ],
                            [
                                -122.44361400604248,
                                37.76829242706299
                            ],
                            [
                                -122.44372129440308,
                                37.7679705619812
                            ],
                            [
                                -122.44387149810791,
                                37.7675199508667
                            ],
                            [
                                -122.44376420974731,
                                37.767090797424316
                            ],
                            [
                                -122.44369983673096,
                                37.76694059371948
                            ],
                            [
                                -122.44339942932129,
                                37.76657581329346
                            ],
                            [
                                -122.44335651397705,
                                37.76655435562134
                            ],
                            [
                                -122.44320631027222,
                                37.76646852493286
                            ],
                            [
                                -122.44312047958374,
                                37.766382694244385
                            ],
                            [
                                -122.44305610656738,
                                37.76625394821167
                            ],
                            [
                                -122.44301319122314,
                                37.766146659851074
                            ],
                            [
                                -122.44292736053467,
                                37.76608228683472
                            ],
                            [
                                -122.44277715682983,
                                37.76597499847412
                            ],
                            [
                                -122.44266986846924,
                                37.765910625457764
                            ],
                            [
                                -122.44282007217407,
                                37.76578187942505
                            ],
                            [
                                -122.44339942932129,
                                37.765395641326904
                            ],
                            [
                                -122.44348526000977,
                                37.765352725982666
                            ],
                            [
                                -122.4427342414856,
                                37.76530981063843
                            ],
                            [
                                -122.44258403778076,
                                37.76530981063843
                            ],
                            [
                                -122.44252658518187,
                                37.76529832011865
                            ]
                        ]
                    }
                },
                {
                    "uncongestedTravelTimeMinutes": 4,
                    "routeQuality": 3,
                    "id": "37863802",
                    "hasClosures": false,
                    "travelTimeMinutes": 4,
                    "abnormalityMinutes": 0,
                    "averageSpeed": 13,
                    "statusId": 0,
                    "totalDistance": "0.7",
                    "routeTransportStatus": 0,
                    "points": {
                        "type": "LineString",
                        "coordinates": [
                            [
                                -122.44254506644896,
                                37.77055890474584
                            ],
                            [
                                -122.44202613830566,
                                37.770631313323975
                            ],
                            [
                                -122.44033098220825,
                                37.770845890045166
                            ],
                            [
                                -122.44028806686401,
                                37.77073860168457
                            ],
                            [
                                -122.43992328643799,
                                37.770631313323975
                            ],
                            [
                                -122.4397087097168,
                                37.77056694030762
                            ],
                            [
                                -122.43953704833984,
                                37.7704381942749
                            ],
                            [
                                -122.4392580986023,
                                37.77007341384888
                            ],
                            [
                                -122.43921518325806,
                                37.77003049850464
                            ],
                            [
                                -122.43917226791382,
                                37.76996612548828
                            ],
                            [
                                -122.43906497955322,
                                37.769858837127686
                            ],
                            [
                                -122.43887186050415,
                                37.76966571807861
                            ],
                            [
                                -122.43844270706177,
                                37.76917219161987
                            ],
                            [
                                -122.43835687637329,
                                37.7690863609314
                            ],
                            [
                                -122.43839979171753,
                                37.76895761489868
                            ],
                            [
                                -122.43844270706177,
                                37.768850326538086
                            ],
                            [
                                -122.43867874145508,
                                37.76854991912842
                            ],
                            [
                                -122.43882894515991,
                                37.768399715423584
                            ],
                            [
                                -122.43885040283203,
                                37.768378257751465
                            ],
                            [
                                -122.43906497955322,
                                37.76824951171875
                            ],
                            [
                                -122.43932247161865,
                                37.768120765686035
                            ],
                            [
                                -122.43921518325806,
                                37.76724100112915
                            ],
                            [
                                -122.43921518325806,
                                37.767155170440674
                            ],
                            [
                                -122.4394941329956,
                                37.76657581329346
                            ],
                            [
                                -122.43957996368408,
                                37.7665114402771
                            ],
                            [
                                -122.43994474411011,
                                37.76623249053955
                            ],
                            [
                                -122.44037389755249,
                                37.765889167785645
                            ],
                            [
                                -122.44131803512573,
                                37.76526689529419
                            ],
                            [
                                -122.44191884994507,
                                37.76526689529419
                            ],
                            [
                                -122.44232654571533,
                                37.76528835296631
                            ],
                            [
                                -122.44247674942017,
                                37.76528835296631
                            ],
                            [
                                -122.44252656813414,
                                37.76529831670911
                            ]
                        ]
                    }
                },
                {
                    "uncongestedTravelTimeMinutes": 4,
                    "routeQuality": 3,
                    "id": "37863803",
                    "hasClosures": false,
                    "travelTimeMinutes": 4,
                    "abnormalityMinutes": 0,
                    "averageSpeed": 11,
                    "statusId": 0,
                    "totalDistance": "0.6",
                    "routeTransportStatus": 0,
                    "points": {
                        "type": "LineString",
                        "coordinates": [
                            [
                                -122.44254506472082,
                                37.77055890498698
                            ],
                            [
                                -122.44294881820679,
                                37.77050256729126
                            ],
                            [
                                -122.44303464889526,
                                37.77048110961914
                            ],
                            [
                                -122.44335651397705,
                                37.77045965194702
                            ],
                            [
                                -122.44367837905884,
                                37.77041673660278
                            ],
                            [
                                -122.44346380233765,
                                37.76947259902954
                            ],
                            [
                                -122.44513750076294,
                                37.76927947998047
                            ],
                            [
                                -122.44472980499268,
                                37.7674126625061
                            ],
                            [
                                -122.44468688964844,
                                37.76700496673584
                            ],
                            [
                                -122.44457960128784,
                                37.76644706726074
                            ],
                            [
                                -122.44451522827148,
                                37.76629686355591
                            ],
                            [
                                -122.4441933631897,
                                37.765953540802
                            ],
                            [
                                -122.44361400604248,
                                37.765374183654785
                            ],
                            [
                                -122.44348526000977,
                                37.765352725982666
                            ],
                            [
                                -122.4427342414856,
                                37.76530981063843
                            ],
                            [
                                -122.44258403778076,
                                37.76530981063843
                            ],
                            [
                                -122.44252658518187,
                                37.76529832011865
                            ]
                        ]
                    }
                }
            ]
        }
    }
}